subscription_id,user_id,plan_tier,mrr,start_date,end_date,status,cancellation_reason,payment_method
2818694,9480473,plus,7.99,2023-12-20,,active,,ach_transfer
1755242,4360011,plus,5.0,2025-01-11,,active,,credit_card
981858,5715697,free,0.0,2023-05-30,,active,,
2026783,2183493,premium,12.5,2024-10-06,,active,,debit_card
5473606,7722090,free,0.0,2024-09-15,,active,,
3096747,5835451,plus,9.99,2024-09-16,,active,,paypal
5025492,9432372,plus,9.99,2024-12-17,,active,,ach_transfer
1340141,8269623,plus,9.99,2024-11-06,,active,,credit_card
3583741,6352825,premium,24.99,2024-11-04,2025-12-02,canceled,no_longer_needed,debit_card
5663820,4637967,free,0.0,2024-12-22,,active,,
1461328,8439103,free,0.0,2024-04-30,,active,,
3326238,2297776,free,0.0,2023-08-31,,active,,
1654134,2545288,plus,9.99,2024-05-27,,active,,paypal
4429531,2059622,plus,9.99,2023-12-16,,active,,ach_transfer
1643596,5195031,plus,9.99,2025-01-10,,active,,credit_card
5952283,2241082,plus,7.99,2024-09-14,,active,,debit_card
3446975,9604008,free,0.0,2024-05-30,,active,,
4441230,1755111,plus,5.0,2025-01-13,,active,,debit_card
5761460,2169070,premium,12.5,2024-02-02,,active,,debit_card
1438561,4372105,plus,9.99,2024-06-20,,active,,credit_card
4576760,7266376,plus,9.99,2023-07-08,2024-06-14,canceled,too_expensive,credit_card
2838271,6582266,free,0.0,2024-12-23,2025-01-10,canceled,poor_support,
2775705,5057025,premium,24.99,2024-06-10,,active,,ach_transfer
4391523,8169158,free,0.0,2024-07-02,,active,,
1499644,3186268,free,0.0,2024-03-31,,active,,
5955129,6087692,free,0.0,2024-04-28,2024-12-21,canceled,missing_features,
3627182,6130397,free,0.0,2025-01-11,,active,,
1078624,3298756,plus,9.99,2024-07-26,,active,,paypal
2478224,5703855,plus,9.99,2023-10-20,,active,,credit_card
3882295,3658571,free,0.0,2024-03-30,2024-09-01,canceled,no_longer_needed,
4687204,7296495,premium,24.99,2025-01-04,,active,,debit_card
2723697,1308617,free,0.0,2024-03-03,2024-10-25,canceled,too_expensive,
2572847,6201682,plus,9.99,2024-04-22,,active,,credit_card
1044119,8219155,premium,24.99,2023-11-29,,active,,paypal
3560346,8337694,plus,9.99,2024-03-20,,active,,paypal
2631779,7014126,plus,9.99,2024-10-16,,active,,debit_card
1416943,9531225,plus,5.0,2024-02-06,,active,,ach_transfer
3666631,6532410,free,0.0,2024-09-03,,active,,
3318888,6801038,free,0.0,2023-06-14,2023-11-04,canceled,switched_competitor,
5086153,4898190,plus,5.0,2024-07-15,,active,,credit_card
2270002,6796260,free,0.0,2024-09-09,2025-08-16,canceled,missing_features,
1587407,3148815,plus,9.99,2024-04-18,,active,,credit_card
5350396,1491036,plus,9.99,2024-02-05,,active,,debit_card
1924425,2675843,plus,9.99,2024-10-12,,active,,ach_transfer
5156671,9106584,free,0.0,2024-11-28,,past_due,,
5643439,3459507,premium,24.99,2023-03-09,,past_due,,debit_card
2634166,2726199,free,0.0,2023-08-12,2024-04-05,canceled,too_expensive,
674702,1652755,free,0.0,2024-09-24,,active,,
5965035,5622942,free,0.0,2024-09-20,,active,,
1303515,8371858,plus,9.99,2024-12-23,2025-05-30,canceled,missing_features,credit_card
5754348,9920206,free,0.0,2024-09-18,,active,,
5878540,4436252,plus,9.99,2024-04-25,,active,,debit_card
1946713,8734102,plus,9.99,2023-06-12,,active,,ach_transfer
5520769,2578315,premium,24.99,2023-09-27,,active,,debit_card
5990072,9694353,free,0.0,2024-10-03,,active,,
3492440,4138102,free,0.0,2024-04-07,,active,,
772160,2557009,free,0.0,2024-06-10,,active,,
3701678,2079600,free,0.0,2023-06-22,,active,,
3974422,2838524,plus,7.99,2024-07-20,,active,,credit_card
2491780,2414474,premium,24.99,2024-02-27,,active,,debit_card
3281767,9910005,premium,12.5,2024-03-09,,active,,credit_card
5510795,2779472,plus,7.99,2024-09-18,,active,,ach_transfer
680355,1906450,premium,24.99,2024-09-24,,active,,debit_card
4282902,4825091,plus,9.99,2023-05-09,,active,switched_competitor,credit_card
4566259,1265033,free,0.0,2024-01-19,,active,,
1977164,1095028,premium,24.99,2024-07-13,,active,,paypal
1805156,5912301,free,0.0,2024-09-07,2025-05-17,canceled,no_longer_needed,
3794785,4486669,free,0.0,2024-03-25,,active,,
3637480,2821367,premium,24.99,2024-07-15,,active,,credit_card
2786811,7725275,free,0.0,2024-07-28,,active,,
2464114,6198245,free,0.0,2024-08-11,,active,,
4302317,3694245,plus,9.99,2024-06-19,,active,,credit_card
3205113,8421289,plus,5.0,2023-04-22,,active,,credit_card
5234294,6056093,premium,19.99,2023-12-29,,active,,credit_card
3876377,2515554,premium,12.5,2024-11-25,,active,,credit_card
4526681,2500134,premium,24.99,2024-11-29,2025-09-13,canceled,technical_issues,debit_card
2936356,5300915,premium,24.99,2024-06-07,,active,,ach_transfer
1701156,6312399,premium,24.99,2023-10-17,,active,,ach_transfer
1658057,5261946,plus,9.99,2024-10-14,,active,,debit_card
4051581,7776432,premium,24.99,2024-11-06,,active,,debit_card
4735194,1117369,premium,24.99,2023-08-12,,active,,ach_transfer
1920873,1603151,premium,12.5,2024-06-21,,active,,debit_card
1141063,8753638,plus,9.99,2024-03-11,,active,,credit_card
2098907,6417755,plus,9.99,2024-08-19,2025-09-02,canceled,missing_features,debit_card
4018700,2039504,free,0.0,2023-08-29,,active,,
4251497,1144356,premium,24.99,2024-07-09,2024-09-12,canceled,technical_issues,credit_card
2928381,2093060,plus,9.99,2024-08-20,,active,,credit_card
843630,6780554,premium,12.5,2024-03-27,,active,,credit_card
4136488,9167707,premium,24.99,2023-11-06,,active,,debit_card
4679794,9340791,plus,9.99,2024-03-13,,active,,credit_card
1216804,7147454,free,0.0,2023-02-12,,active,,
2808350,9511010,premium,24.99,2024-08-06,,active,,credit_card
2661930,5137270,premium,12.5,2024-08-30,,active,,paypal
4623114,2339083,plus,5.0,2023-09-21,,active,,debit_card
1033021,1684659,premium,19.99,2024-08-30,,active,,ach_transfer
1074405,5622776,plus,9.99,2024-02-20,2025-01-26,canceled,no_longer_needed,credit_card
833586,8422212,plus,9.99,2024-10-01,,active,,credit_card
3008418,3013338,free,0.0,2024-11-22,2025-01-09,canceled,no_longer_needed,
781091,2831094,free,0.0,2024-07-04,,active,,
1100877,7226659,plus,7.99,2023-11-25,,active,,credit_card
2662797,7214624,plus,9.99,2024-02-06,,active,,credit_card
4929116,4974409,free,0.0,2024-11-01,,active,,
2973052,6641379,free,0.0,2024-11-20,,active,,
5084991,3241105,plus,7.99,2024-08-27,2025-04-03,canceled,poor_support,debit_card
2397744,8709019,free,0.0,2024-06-30,2024-08-13,canceled,technical_issues,
1265836,3050053,plus,9.99,2023-08-17,2024-07-21,canceled,technical_issues,credit_card
5722333,2428127,premium,24.99,2024-06-01,2024-11-04,canceled,switched_competitor,credit_card
4397043,5898107,free,0.0,2023-10-06,,active,,
5073287,1873172,free,0.0,2023-03-03,,active,,
3802585,2514101,plus,9.99,2024-01-07,,active,,paypal
3321334,3727423,free,0.0,2023-11-02,,active,,
2210247,4102641,premium,24.99,2025-01-05,,active,,debit_card
3072739,8990340,premium,24.99,2023-12-21,,active,,ach_transfer
5638814,3091013,free,0.0,2023-11-29,,active,,
5657657,1688725,premium,24.99,2023-09-13,2024-04-07,canceled,no_longer_needed,debit_card
4411488,3933865,plus,5.0,2023-11-01,,active,,paypal
3398053,1152999,free,0.0,2024-04-27,,active,,
5374708,6139743,plus,7.99,2024-12-04,,active,,ach_transfer
967451,4928125,plus,9.99,2024-12-20,,active,,credit_card
4669860,2135964,free,0.0,2024-08-26,,active,,
5918879,9865465,premium,24.99,2024-07-09,,active,,paypal
1776781,3754036,premium,24.99,2023-11-20,,active,,ach_transfer
1517594,3801445,free,0.0,2025-01-16,,active,,
2124800,2965730,free,0.0,2023-12-09,,active,,
2586048,5495511,free,0.0,2024-07-31,,active,,
3759895,4452814,premium,12.5,2024-12-10,,active,,credit_card
4889144,4235863,plus,7.99,2024-08-10,2024-10-17,canceled,no_longer_needed,credit_card
2069947,5855920,plus,9.99,2024-05-10,,active,,credit_card
3288489,3398083,plus,9.99,2024-08-16,,past_due,,paypal
2182820,7989875,premium,24.99,2024-01-31,,active,,credit_card
2537057,9856884,premium,24.99,2024-05-08,,active,,debit_card
563986,4895090,free,0.0,2024-09-18,,active,,
3195962,5948600,plus,9.99,2024-11-20,,active,,credit_card
5313501,4243087,plus,9.99,2023-11-11,,active,,ach_transfer
3400607,5290447,premium,19.99,2024-03-21,,active,,ach_transfer
3822641,6014049,premium,19.99,2023-08-28,,active,,paypal
1481374,3648191,premium,24.99,2025-01-08,,active,,credit_card
1060114,1953692,plus,9.99,2024-03-26,,past_due,,debit_card
614221,9237881,premium,24.99,2024-01-20,,past_due,,credit_card
4634099,4939625,free,0.0,2024-04-09,,active,,
4741906,9810351,free,0.0,2024-10-30,,active,,
1813802,1593975,premium,24.99,2024-11-29,,active,,ach_transfer
5847558,1908380,plus,7.99,2024-11-07,,active,switched_competitor,credit_card
5407219,1973737,free,0.0,2024-06-20,2025-02-06,canceled,technical_issues,
4295559,2471926,plus,9.99,2024-02-05,,active,,credit_card
5851952,3650503,free,0.0,2023-12-05,,active,,
2437286,3737946,plus,9.99,2023-11-11,,active,,credit_card
3021538,3714660,premium,24.99,2024-04-06,,active,,credit_card
5714524,1549656,free,0.0,2023-11-03,,active,,
3230283,4498408,premium,12.5,2024-12-17,,active,,credit_card
3737961,2790228,plus,7.99,2024-10-27,2025-07-14,canceled,technical_issues,credit_card
2369998,7707432,premium,12.5,2024-09-11,2025-02-21,canceled,switched_competitor,ach_transfer
3778629,7996746,free,0.0,2024-07-19,2024-12-28,canceled,technical_issues,
5001279,3998778,premium,19.99,2024-02-14,2024-05-17,canceled,too_expensive,paypal
3446204,4184790,plus,9.99,2024-07-23,,active,,debit_card
1886487,5050230,plus,9.99,2024-04-20,,active,,credit_card
5259365,4622138,premium,24.99,2024-04-04,2025-03-02,canceled,no_longer_needed,credit_card
834990,6347417,plus,9.99,2024-03-28,,active,,credit_card
1683980,5447395,premium,12.5,2023-09-10,,active,,credit_card
897976,8698812,plus,9.99,2024-11-09,,active,,credit_card
3040247,6111142,free,0.0,2024-07-01,,active,,
3381073,5371272,plus,5.0,2023-06-23,,active,,credit_card
1075673,9935827,plus,9.99,2024-01-21,2024-10-27,canceled,switched_competitor,ach_transfer
4170288,4456653,free,0.0,2024-11-08,,active,,
1103482,1206487,free,0.0,2024-07-27,,active,,
5006195,5945169,plus,9.99,2024-02-19,2024-05-27,canceled,technical_issues,debit_card
1910740,4324664,plus,5.0,2024-03-30,2024-07-02,canceled,no_longer_needed,credit_card
3943657,9096297,free,0.0,2023-10-20,2023-12-21,canceled,too_expensive,
5842301,7558947,free,0.0,2023-08-25,,active,,
1583697,8496110,plus,9.99,2024-06-10,,active,,paypal
2203509,5601318,free,0.0,2023-07-27,2024-05-08,canceled,no_longer_needed,
3123311,3573619,free,0.0,2024-07-17,,active,,
2025597,4196340,free,0.0,2023-10-25,2024-02-17,canceled,too_expensive,
5235248,3514719,free,0.0,2024-02-04,,past_due,,
4729469,3942609,free,0.0,2024-05-25,2024-09-04,canceled,poor_support,
2951375,7703562,plus,7.99,2024-06-19,,active,,credit_card
5005669,9147047,premium,19.99,2024-06-29,,active,,credit_card
5356474,7453877,free,0.0,2024-01-28,,active,,
5470061,4388445,free,0.0,2024-11-12,,active,,
2284067,3088618,plus,9.99,2024-03-18,,past_due,,paypal
4486050,3521279,free,0.0,2024-07-18,2025-05-04,canceled,switched_competitor,
5370453,7119922,plus,9.99,2023-06-07,,active,,ach_transfer
4979087,7869989,plus,5.0,2024-05-09,,active,,credit_card
1533790,6354342,plus,9.99,2024-03-08,,active,,credit_card
5712652,1880412,free,0.0,2024-09-25,,active,,
1993404,6761703,plus,9.99,2024-09-24,,active,,ach_transfer
4671448,7503216,free,0.0,2024-11-16,,active,,
1084093,7679155,free,0.0,2023-12-04,,active,,
4987013,7342211,free,0.0,2023-09-22,,active,,
934455,6005332,plus,7.99,2023-10-31,2024-03-22,canceled,poor_support,debit_card
3088518,8292496,premium,24.99,2023-11-27,,active,,credit_card
2916873,3710626,free,0.0,2023-07-25,,past_due,,
1157152,2195885,free,0.0,2024-02-10,,active,,
3115629,1550242,plus,9.99,2024-12-15,,active,,credit_card
1317831,9256327,premium,12.5,2023-08-12,,active,,ach_transfer
1917740,8336302,plus,9.99,2024-06-19,,active,,debit_card
2000337,5299376,plus,9.99,2024-08-18,,active,,credit_card
5993595,5228316,free,0.0,2024-05-10,,active,,
5173041,8156065,premium,12.5,2024-05-18,,active,,credit_card
3553656,4822069,free,0.0,2024-04-05,,active,,
4214446,7203690,premium,12.5,2023-09-12,,active,,credit_card
846450,5679020,free,0.0,2024-04-15,,active,,
564793,8643603,free,0.0,2024-08-13,,active,,
4531410,2116271,plus,9.99,2024-12-25,,active,,debit_card
3303994,1483455,plus,9.99,2024-12-27,,active,,credit_card
3968938,7961383,free,0.0,2024-06-18,,active,,
2452281,4600957,plus,9.99,2024-11-24,,active,,debit_card
1514861,6116934,free,0.0,2023-11-23,2024-03-10,canceled,technical_issues,
4671390,2718303,plus,9.99,2024-09-22,,active,,credit_card
5513683,3906492,plus,9.99,2024-10-03,,active,,credit_card
4470074,5985248,premium,24.99,2023-04-21,,active,,ach_transfer
1933021,3468665,plus,9.99,2024-12-28,,active,,ach_transfer
2705408,9568438,free,0.0,2024-08-16,2025-05-03,canceled,too_expensive,
4965872,8249127,free,0.0,2024-07-24,,active,,
3058718,8864394,premium,12.5,2024-08-16,,active,,credit_card
5660273,5466134,free,0.0,2025-01-04,,past_due,,
3049047,4515530,free,0.0,2023-11-27,,active,,
3220834,2151882,plus,9.99,2024-08-08,,active,,credit_card
4931076,2416953,free,0.0,2024-10-10,,active,,
2903035,4341861,plus,5.0,2024-12-19,,active,,credit_card
788018,4678621,premium,19.99,2024-04-11,,active,,debit_card
4759984,4790328,plus,9.99,2024-03-13,,active,,credit_card
4147691,2465088,plus,9.99,2024-07-17,,active,,paypal
1166651,9491485,free,0.0,2024-09-05,,active,,
5450447,4763024,free,0.0,2024-09-01,,active,,
5293852,7565792,plus,9.99,2024-04-17,2025-01-16,canceled,switched_competitor,credit_card
4473612,2076941,plus,7.99,2023-10-14,,active,,credit_card
4649434,6954075,free,0.0,2023-08-12,,active,,
1469706,6606594,free,0.0,2024-09-28,,past_due,,
2387824,2258624,premium,12.5,2024-12-11,,active,,debit_card
2126428,8955229,plus,9.99,2024-08-01,,active,,credit_card
5167766,1026505,free,0.0,2024-11-05,,active,,
3523665,7816525,free,0.0,2024-04-22,,active,,
641668,1779957,plus,9.99,2023-02-22,,active,,credit_card
4017726,1762557,plus,9.99,2023-09-03,,active,,credit_card
1488234,5330453,plus,9.99,2023-08-29,,active,,paypal
5906417,4357963,plus,9.99,2024-05-11,,active,,credit_card
2989305,7687666,plus,9.99,2024-01-21,,active,,debit_card
3777078,4039316,free,0.0,2024-05-04,,active,,
4958763,6004998,premium,24.99,2024-06-18,,active,,credit_card
1335191,2161140,premium,24.99,2024-10-10,,active,,credit_card
917305,6681635,free,0.0,2024-03-10,,active,,
2146971,5450252,plus,9.99,2024-06-08,,past_due,,debit_card
5759194,8031401,free,0.0,2024-06-02,,active,,
599149,4769484,plus,9.99,2023-03-28,2024-01-18,canceled,technical_issues,paypal
5478504,4982588,plus,9.99,2025-01-11,2025-04-24,canceled,poor_support,credit_card
5591713,7416438,premium,24.99,2024-09-14,,active,,ach_transfer
3228071,8689684,plus,5.0,2024-12-28,2025-05-04,canceled,missing_features,credit_card
4626681,6688238,plus,9.99,2024-09-18,,active,,credit_card
2222863,9843026,free,0.0,2024-09-07,,active,,
2105873,5381932,free,0.0,2024-11-15,,active,,
2435126,6390656,premium,24.99,2024-04-10,,active,,credit_card
4978841,9734352,plus,7.99,2024-02-02,,active,,credit_card
5641080,2045851,plus,9.99,2024-06-02,,past_due,,credit_card
3289177,8586725,premium,24.99,2025-01-04,,active,,credit_card
5684816,6088268,premium,12.5,2024-04-07,,active,,credit_card
1355124,3233414,plus,9.99,2023-01-26,,past_due,,credit_card
1634842,4300874,plus,9.99,2024-12-20,,past_due,,paypal
3358666,1866964,free,0.0,2023-04-22,,active,,
1687078,1499964,plus,5.0,2023-09-18,,active,,credit_card
3444135,3561913,plus,9.99,2024-03-26,,active,,ach_transfer
1283980,2554205,plus,5.0,2023-11-30,,active,,debit_card
5744307,7695233,premium,24.99,2023-04-11,2024-03-01,canceled,missing_features,credit_card
1847003,8089109,premium,24.99,2023-08-17,,active,,credit_card
1487779,1686268,free,0.0,2024-09-13,,active,,
3188266,6021983,free,0.0,2024-12-26,,active,,
991060,8942992,plus,9.99,2023-07-28,,active,,debit_card
4204003,5791164,premium,12.5,2024-12-14,,active,,credit_card
4060892,8449607,premium,24.99,2023-06-16,,active,,debit_card
4024437,5572530,premium,24.99,2024-09-09,,active,,credit_card
5203745,8385034,free,0.0,2024-06-26,,past_due,,
2861238,9669441,free,0.0,2023-06-18,,active,,
5649679,5066621,free,0.0,2024-09-21,,active,,
4221809,3421961,plus,9.99,2024-10-12,,active,,credit_card
4937089,4904840,premium,12.5,2024-02-06,,past_due,,credit_card
5415460,4726904,plus,9.99,2024-10-29,2025-08-09,canceled,missing_features,debit_card
1099695,7928655,premium,24.99,2024-04-25,,active,,ach_transfer
5538401,1484427,free,0.0,2024-06-25,,active,,
4225400,5411887,plus,9.99,2024-02-14,,active,,debit_card
883650,2964724,premium,24.99,2023-10-04,2024-04-21,canceled,missing_features,credit_card
1361276,7034722,free,0.0,2024-10-22,2025-10-29,canceled,too_expensive,
3487972,2985196,free,0.0,2024-11-30,2025-01-31,canceled,technical_issues,
4465341,7908531,free,0.0,2024-09-15,,active,,
4174893,7848829,plus,9.99,2024-01-13,,past_due,,paypal
2329525,5913478,premium,24.99,2024-03-03,,active,,credit_card
2729982,5832691,plus,9.99,2024-03-14,,past_due,,debit_card
5028451,4105958,plus,9.99,2024-01-10,,past_due,,debit_card
3994229,1910775,plus,9.99,2024-01-06,,active,,credit_card
2370035,1285622,plus,9.99,2025-01-09,,active,,credit_card
2333282,5449399,premium,24.99,2023-10-19,,active,,credit_card
1266637,7126463,plus,7.99,2023-10-29,,active,,debit_card
2165753,8732605,free,0.0,2024-01-01,2024-02-16,canceled,no_longer_needed,
3348002,9855603,free,0.0,2024-10-31,,active,,
4198682,4886402,plus,9.99,2024-06-29,2024-08-19,canceled,switched_competitor,debit_card
1324427,6215622,plus,9.99,2024-08-06,,active,,credit_card
801985,2607618,plus,9.99,2024-07-27,,active,,credit_card
4243011,4777341,free,0.0,2024-12-16,2025-09-22,canceled,technical_issues,
4584513,1295599,plus,9.99,2023-08-17,2024-01-15,canceled,too_expensive,debit_card
4383921,4344250,plus,9.99,2024-07-21,,active,,credit_card
5674113,7030613,free,0.0,2024-09-20,,active,,
4147261,9077813,premium,24.99,2024-07-02,,active,,credit_card
1036641,6918806,premium,19.99,2024-12-07,,active,,paypal
690658,2989173,plus,5.0,2024-06-15,,active,,credit_card
5704362,7514948,free,0.0,2024-04-04,,active,,
2741595,3429700,free,0.0,2024-03-29,,active,,
1809487,4277560,premium,19.99,2024-11-02,,active,,debit_card
5863380,2194737,plus,9.99,2024-07-22,,active,,debit_card
4531552,5101036,free,0.0,2024-02-25,,active,,
1970009,7501211,plus,7.99,2023-07-27,,active,,debit_card
652303,4800986,free,0.0,2024-03-08,2024-12-30,canceled,switched_competitor,
2559436,5954582,plus,9.99,2024-12-12,,active,,ach_transfer
4086808,5849666,premium,24.99,2024-01-17,,active,,credit_card
2990208,9078886,plus,9.99,2024-09-14,2025-03-27,canceled,poor_support,paypal
5362594,7846539,free,0.0,2024-09-21,2025-01-22,canceled,poor_support,
4849410,2420858,free,0.0,2023-07-15,,active,,
4414127,1551238,premium,24.99,2024-02-25,2024-06-30,canceled,too_expensive,ach_transfer
1137124,2137273,plus,9.99,2023-09-26,,active,,paypal
603547,7166160,premium,19.99,2024-05-07,,active,,ach_transfer
1645118,3842894,free,0.0,2023-10-04,,active,,
5892023,2358097,free,0.0,2024-02-06,,active,,
696760,2693481,plus,9.99,2024-12-29,,active,,credit_card
3666379,3513024,premium,24.99,2023-10-11,2024-06-26,canceled,switched_competitor,ach_transfer
2344531,3597979,plus,9.99,2023-10-28,,active,,credit_card
2786361,8373356,plus,9.99,2024-08-03,,active,,debit_card
4149812,5055032,plus,9.99,2024-02-19,,active,,debit_card
1226041,8016812,free,0.0,2023-10-14,2024-01-06,canceled,technical_issues,
1764499,4311149,premium,12.5,2024-03-05,,active,,credit_card
4157337,9206336,plus,7.99,2023-11-30,2024-06-06,canceled,no_longer_needed,debit_card
668132,7773329,plus,9.99,2024-06-04,,past_due,,debit_card
2436222,7685941,plus,9.99,2024-07-31,,active,,paypal
3845638,3465596,plus,9.99,2023-12-15,,active,,debit_card
2375828,2984117,free,0.0,2024-06-15,,active,,
2783418,2886522,plus,9.99,2024-06-19,,active,,ach_transfer
5222467,9503902,free,0.0,2023-10-31,,active,,
3425554,4444084,free,0.0,2024-10-15,,active,,
3545585,1449395,free,0.0,2023-06-01,,active,,
4229529,9737925,plus,9.99,2024-11-21,,active,,credit_card
5483303,6140709,plus,7.99,2024-09-02,,past_due,,ach_transfer
5947359,7110341,premium,24.99,2025-01-01,2025-08-21,canceled,poor_support,credit_card
5366578,9647088,free,0.0,2024-04-21,,active,,
3027105,9341219,plus,5.0,2024-10-01,,active,,debit_card
5869739,1673812,plus,7.99,2024-06-30,,active,,debit_card
1743835,2768407,plus,9.99,2024-12-02,2025-11-16,canceled,technical_issues,credit_card
4767915,8817209,free,0.0,2024-09-01,2025-01-30,canceled,missing_features,
3829308,3302743,free,0.0,2023-12-01,,active,,
1187047,9817164,free,0.0,2024-09-16,,active,,
3341512,6703737,free,0.0,2024-08-12,,active,,
2823253,7062903,plus,5.0,2024-09-13,,active,,credit_card
1933021,3468665,plus,9.99,2024-12-28,,active,,ach_transfer
2263993,9976766,plus,5.0,2024-11-12,,active,technical_issues,credit_card
4594298,4827271,plus,9.99,2023-12-30,,active,,credit_card
2708141,3320715,premium,19.99,2023-08-23,,active,,debit_card
2574347,7864547,plus,5.0,2024-06-09,,active,,credit_card
2578994,3416826,premium,12.5,2024-12-06,,active,,debit_card
967627,1359281,plus,9.99,2024-02-18,,active,,ach_transfer
2756824,4066461,free,0.0,2024-12-14,,active,,
2085056,1838003,plus,9.99,2024-08-16,,active,,paypal
4686808,6569451,plus,9.99,2024-12-28,,past_due,,debit_card
5752198,2742166,premium,24.99,2024-04-26,2024-10-15,canceled,technical_issues,ach_transfer
2329157,9053048,plus,9.99,2024-01-24,,active,,debit_card
5258264,4080201,free,0.0,2024-07-11,,active,,
3734800,8474447,free,0.0,2024-10-27,2025-01-16,canceled,too_expensive,
4415334,5830165,plus,5.0,2024-11-23,,active,,debit_card
2761227,3284798,free,0.0,2023-04-30,,active,,
4544099,7169912,plus,9.99,2024-12-22,,active,,credit_card
4289021,8691332,premium,19.99,2024-10-16,,active,,debit_card
1264699,2245749,plus,7.99,2024-08-31,,active,,credit_card
1618385,3185454,free,0.0,2024-02-18,,active,,
4014842,7155579,plus,9.99,2023-07-04,2024-05-09,canceled,too_expensive,ach_transfer
5914926,9900019,free,0.0,2024-11-16,,active,,
4214641,7730886,free,0.0,2024-04-13,,past_due,,
646235,9749917,premium,12.5,2024-11-05,,active,,debit_card
2932984,7769552,premium,24.99,2024-08-24,,active,,credit_card
1514524,5128784,plus,7.99,2024-01-30,,active,,credit_card
1012626,9910335,free,0.0,2024-03-19,2025-03-31,canceled,missing_features,
4477413,6462610,free,0.0,2024-03-20,,active,,
5706695,9125248,premium,19.99,2024-07-20,,active,,paypal
5720056,9740245,plus,9.99,2024-05-03,,active,,ach_transfer
4979506,1651824,plus,7.99,2023-12-21,,active,,credit_card
4573206,4620597,plus,9.99,2024-01-27,,active,,ach_transfer
5577507,5092097,plus,7.99,2024-12-19,2025-04-30,canceled,technical_issues,debit_card
5749131,5084591,free,0.0,2024-12-03,,active,,
5891478,8017955,plus,9.99,2023-07-31,,active,,debit_card
2003618,8104627,free,0.0,2024-07-16,2025-06-24,canceled,missing_features,
5511337,8456688,premium,24.99,2024-08-30,,active,,credit_card
3720348,6080692,plus,7.99,2024-11-03,,past_due,,debit_card
2705082,2813065,free,0.0,2024-07-20,2025-01-06,canceled,missing_features,
2710850,5264423,plus,7.99,2024-03-15,,active,,ach_transfer
1499603,6167373,free,0.0,2024-05-12,2024-09-08,canceled,technical_issues,
3167314,7128420,plus,5.0,2024-12-24,,active,,debit_card
4544935,2136078,free,0.0,2023-05-28,,active,,
3297242,2260386,premium,24.99,2024-08-04,,active,,credit_card
2157485,3062624,free,0.0,2025-01-18,,active,,
3404947,5523535,plus,9.99,2024-07-07,,active,,debit_card
4471231,4757974,free,0.0,2024-02-26,,active,,
710472,5305665,free,0.0,2024-08-14,,active,,
970522,2847199,plus,7.99,2024-09-15,,active,,debit_card
1835861,5289361,premium,24.99,2024-12-23,,active,,credit_card
5529270,7105525,plus,7.99,2024-09-13,2025-08-08,canceled,switched_competitor,credit_card
5280104,6853584,free,0.0,2024-03-25,2024-10-09,canceled,technical_issues,
2146241,3800174,premium,19.99,2024-12-12,2025-02-22,canceled,switched_competitor,credit_card
3353531,7879771,plus,7.99,2024-11-21,,active,,ach_transfer
1844116,6895725,free,0.0,2024-05-01,,active,,
3564576,6210307,plus,9.99,2024-11-21,,past_due,,credit_card
2384665,4665842,free,0.0,2024-04-16,,past_due,,
3761162,2572732,free,0.0,2024-06-09,,active,,
3178255,8089975,premium,19.99,2023-12-14,,active,,credit_card
4122639,5603623,premium,19.99,2023-05-24,,active,,credit_card
4883205,6500545,plus,5.0,2024-03-11,,active,,ach_transfer
708934,6721877,free,0.0,2024-01-21,,active,,
1899775,2707017,free,0.0,2023-10-26,,active,,
2593423,1517961,plus,9.99,2023-12-08,,active,,credit_card
3312776,6309792,plus,9.99,2024-04-08,,active,,paypal
1411508,5675431,plus,9.99,2024-01-12,,active,,debit_card
4256350,4433372,plus,9.99,2023-11-26,,past_due,,credit_card
4191936,8449194,plus,7.99,2024-01-08,,past_due,,ach_transfer
4076480,7847129,premium,24.99,2024-08-02,,active,,credit_card
1937038,3402114,plus,5.0,2024-07-20,,active,,ach_transfer
4681458,1929090,plus,9.99,2024-09-18,2025-03-11,canceled,too_expensive,debit_card
835055,4415398,plus,5.0,2024-06-17,,active,,credit_card
5391680,4477983,plus,7.99,2024-11-16,,active,,debit_card
969536,7124152,free,0.0,2024-06-05,,active,,
3783618,1883435,plus,7.99,2024-10-17,,active,,paypal
5989802,9001482,premium,24.99,2023-12-06,,active,,credit_card
5253056,1211463,plus,9.99,2023-12-18,2024-11-03,canceled,switched_competitor,credit_card
5743829,7523229,plus,5.0,2024-11-18,,active,,credit_card
4133858,4570834,premium,12.5,2023-10-22,,active,,debit_card
3609714,1853159,plus,7.99,2023-07-31,,active,,credit_card
1265561,6093388,plus,9.99,2023-07-13,,active,,credit_card
3122424,1297883,free,0.0,2023-05-15,,active,,
2176495,9953038,plus,9.99,2023-12-18,2024-06-26,canceled,too_expensive,credit_card
3988891,3692794,free,0.0,2023-12-31,,active,,
745819,1708672,plus,9.99,2024-04-30,2024-05-26,canceled,no_longer_needed,credit_card
3092927,3054048,plus,7.99,2024-12-12,,active,,debit_card
2780900,9170528,free,0.0,2024-12-23,,active,,
2831907,4743797,premium,24.99,2024-06-09,,past_due,,ach_transfer
1067432,6723601,plus,7.99,2024-02-20,,active,,paypal
1308263,1337283,plus,9.99,2023-12-10,,active,,credit_card
5435559,4196699,premium,24.99,2024-11-05,,active,,credit_card
5951800,2658332,free,0.0,2024-11-13,,active,,
5450291,3908056,free,0.0,2024-08-14,,past_due,,
2997061,1783066,free,0.0,2023-03-25,,active,,
2333551,2930440,premium,24.99,2023-12-29,,active,,paypal
5399615,4867293,premium,19.99,2024-04-16,,active,,ach_transfer
3384560,5262663,premium,24.99,2025-01-03,,active,,credit_card
4278351,7734714,free,0.0,2024-02-19,,active,,
2085717,6600068,plus,9.99,2024-12-15,2025-03-23,canceled,technical_issues,credit_card
3008785,7933705,premium,19.99,2024-04-25,,active,,credit_card
3452178,7720841,plus,9.99,2024-11-19,2025-09-19,canceled,missing_features,ach_transfer
2100120,1194152,plus,9.99,2023-02-13,,active,,credit_card
1264687,2999254,free,0.0,2023-06-11,,active,,
2943548,8463131,free,0.0,2023-06-23,2023-11-04,canceled,poor_support,
5823211,1584942,plus,9.99,2024-11-06,,active,,credit_card
3626753,4878363,plus,9.99,2024-11-22,,active,,credit_card
3767595,8442510,premium,19.99,2024-09-17,,active,,credit_card
1762781,6511934,plus,7.99,2025-01-06,,active,,debit_card
2946729,2386689,plus,9.99,2024-07-12,,active,,credit_card
3579467,5989904,plus,9.99,2024-07-29,,active,,credit_card
827392,1245300,premium,24.99,2024-11-11,,active,,credit_card
5380871,3911898,plus,7.99,2023-12-01,2024-06-18,canceled,no_longer_needed,ach_transfer
3216024,1092091,premium,12.5,2024-02-13,,active,,credit_card
2108079,9874365,premium,12.5,2024-12-16,2025-01-16,canceled,missing_features,ach_transfer
3809867,4858804,free,0.0,2024-11-12,2025-05-16,canceled,poor_support,
5047938,9103670,plus,9.99,2024-11-03,,active,,credit_card
1119860,1337462,plus,7.99,2024-03-22,,active,,debit_card
5121720,5991536,premium,12.5,2024-01-09,,active,,paypal
4963737,3922097,plus,7.99,2024-12-07,,active,,credit_card
1580149,2901740,free,0.0,2024-07-10,,active,,
581564,2685996,plus,7.99,2024-06-24,,active,,paypal
1755242,4360011,plus,5.0,2025-01-11,,active,,credit_card
2582889,6492952,premium,24.99,2024-12-11,,active,,paypal
3031859,7484427,free,0.0,2023-11-29,2024-09-28,canceled,no_longer_needed,
4200710,2723480,free,0.0,2023-04-15,,active,,
2974654,2571480,premium,24.99,2023-11-19,2024-01-08,canceled,no_longer_needed,credit_card
950269,2572138,plus,9.99,2024-02-28,2025-03-20,canceled,technical_issues,ach_transfer
5730162,9991899,free,0.0,2024-07-22,,active,,
1908633,2718224,premium,12.5,2024-12-31,2025-04-21,canceled,poor_support,ach_transfer
682157,7932667,plus,5.0,2024-06-18,,active,,ach_transfer
1302474,4947208,plus,9.99,2024-09-30,,active,,debit_card
4790647,5608474,premium,12.5,2024-04-03,,active,,debit_card
5356189,8792590,premium,12.5,2024-12-19,,active,,credit_card
4307940,2539219,plus,5.0,2024-08-02,,active,,credit_card
3904011,3088062,premium,24.99,2024-12-16,,active,,ach_transfer
1140194,8969693,premium,24.99,2023-09-25,,active,switched_competitor,credit_card
1604070,1842329,premium,24.99,2024-03-07,,active,,credit_card
5195917,6981804,plus,7.99,2023-10-29,,active,,debit_card
2019875,8724578,free,0.0,2024-03-27,,active,,
1466639,9899770,premium,24.99,2024-08-31,,active,,credit_card
1753649,6758851,plus,7.99,2023-10-17,,active,,paypal
1496368,2020154,plus,7.99,2024-11-08,,active,,debit_card
4971098,3286319,plus,7.99,2023-10-21,,active,,debit_card
1120553,2199529,premium,19.99,2023-05-06,,active,,debit_card
5780487,5947796,plus,5.0,2024-12-18,,past_due,,debit_card
3149046,3952053,plus,7.99,2024-12-21,,active,,ach_transfer
966287,8710611,premium,19.99,2023-10-09,2024-01-11,canceled,too_expensive,paypal
1536278,1019675,plus,7.99,2024-06-13,,active,,credit_card
2450016,6072148,free,0.0,2024-03-19,,active,,
564641,2546064,premium,24.99,2024-10-01,,active,,credit_card
846176,4526737,premium,24.99,2024-01-16,,active,,debit_card
2426940,4260802,plus,7.99,2023-09-19,,active,,paypal
5973185,8079903,plus,9.99,2023-10-09,2024-06-05,canceled,technical_issues,ach_transfer
1761672,8983939,plus,9.99,2024-11-14,,active,,ach_transfer
1355124,3233414,plus,9.99,2023-01-26,,past_due,,credit_card
2084199,9131526,free,0.0,2024-07-10,,active,,
754456,8761850,plus,5.0,2024-06-07,,active,,ach_transfer
2540711,8603876,premium,12.5,2024-07-20,,active,,debit_card
4241765,6853294,plus,9.99,2024-07-26,,active,,ach_transfer
2974766,8536968,premium,19.99,2024-04-28,,active,,credit_card
5486882,5803958,premium,12.5,2024-09-01,,active,,credit_card
3602789,2462538,free,0.0,2024-09-06,,active,,
2566158,8061183,free,0.0,2024-07-09,,active,,
2389356,2577969,free,0.0,2024-10-31,,active,,
5444641,1164053,free,0.0,2025-01-02,,past_due,,
528945,1685503,plus,9.99,2024-10-20,,active,,debit_card
1925273,3115226,plus,9.99,2024-12-20,,active,,debit_card
2682309,8084364,free,0.0,2023-11-15,,active,,
2726346,8166065,free,0.0,2024-09-28,,active,,
4084144,5412903,free,0.0,2024-12-07,,active,,
3685906,4710879,premium,24.99,2023-10-10,2024-07-08,canceled,technical_issues,debit_card
3295504,4099834,free,0.0,2024-04-23,,active,,
4170833,7030079,free,0.0,2023-06-27,2024-02-17,canceled,missing_features,
5537161,7952314,free,0.0,2023-12-07,,active,,
5036413,2888806,plus,5.0,2024-11-19,,active,,credit_card
940108,6489464,free,0.0,2024-05-17,,active,,
5441756,9047252,plus,9.99,2023-07-08,,active,,ach_transfer
5101533,3636722,plus,9.99,2024-05-05,,active,,ach_transfer
2923471,4079042,free,0.0,2024-11-14,2025-06-22,canceled,missing_features,
5184994,8019431,free,0.0,2024-02-07,2024-10-24,canceled,no_longer_needed,
3576690,2668321,premium,24.99,2024-03-13,,active,,credit_card
5188441,8467866,plus,7.99,2024-02-02,,active,,credit_card
2695220,1737550,free,0.0,2024-10-24,,active,,
4058089,7192357,plus,7.99,2024-06-03,,active,,debit_card
5288967,3883427,free,0.0,2023-07-21,2024-01-29,canceled,missing_features,
3150965,2901737,free,0.0,2024-05-23,,active,,
5121502,8347000,free,0.0,2023-11-06,,active,,
2257568,2861663,free,0.0,2024-04-02,2024-11-06,canceled,switched_competitor,
4531601,7428099,premium,24.99,2024-11-18,,active,,paypal
5358261,3288013,plus,9.99,2024-09-08,,active,,debit_card
3584826,4928683,premium,24.99,2024-12-14,,active,,ach_transfer
5173751,3677747,plus,7.99,2024-05-07,,active,,debit_card
1883262,3426105,premium,24.99,2024-11-05,,active,,debit_card
3731324,8157303,plus,5.0,2024-09-07,,active,,ach_transfer
1014569,1487707,free,0.0,2024-04-24,,active,,
2439882,9547085,plus,9.99,2023-11-14,,active,,debit_card
3600749,1872834,plus,7.99,2023-10-26,,active,,paypal
1550376,1475147,plus,7.99,2024-06-06,,active,,debit_card
3529767,3457856,premium,12.5,2024-08-09,,active,,debit_card
5733588,5327802,free,0.0,2023-11-18,2024-04-12,canceled,too_expensive,
2041974,7604168,premium,24.99,2024-03-12,,active,,paypal
2388486,5349025,plus,7.99,2024-08-03,,active,,paypal
5793659,2193502,plus,9.99,2023-09-09,,active,,credit_card
2849295,2531064,plus,9.99,2024-10-09,,active,,ach_transfer
3210499,7491280,free,0.0,2024-03-02,,active,,
2276000,8727160,premium,12.5,2023-06-18,,active,,credit_card
4767034,6345708,premium,24.99,2024-10-24,,active,,credit_card
1506535,5098535,premium,19.99,2024-01-22,,active,,debit_card
5154455,1174001,plus,9.99,2023-10-27,,active,,debit_card
5483509,5193616,plus,9.99,2024-06-04,,active,,credit_card
1809713,2085610,plus,9.99,2024-05-06,,past_due,,paypal
2721112,5821699,free,0.0,2024-01-12,2024-05-09,canceled,no_longer_needed,
2640700,6403252,free,0.0,2024-08-02,2024-11-25,canceled,too_expensive,
4678343,3648790,premium,24.99,2024-04-21,,active,,ach_transfer
1603365,2748982,premium,12.5,2024-12-31,2025-05-16,canceled,no_longer_needed,debit_card
1048039,3464722,free,0.0,2024-11-18,,active,,
916138,1944353,premium,24.99,2024-11-09,,active,,credit_card
2622200,1552226,plus,7.99,2024-05-23,,active,,credit_card
4124829,9439469,premium,12.5,2023-07-12,,active,,debit_card
698258,2619814,premium,19.99,2023-12-18,,active,,ach_transfer
5600156,2734428,premium,24.99,2023-09-08,,active,,credit_card
1117379,6998544,plus,9.99,2024-12-27,,active,,credit_card
1786091,9768201,plus,5.0,2024-07-23,,active,,ach_transfer
1104639,4632632,free,0.0,2023-06-14,,active,,
3041458,1116908,free,0.0,2023-11-24,,past_due,,
5609380,9108196,premium,12.5,2024-01-13,2025-01-19,canceled,switched_competitor,credit_card
5164893,5862894,premium,12.5,2023-05-22,,active,,debit_card
5715243,3887757,free,0.0,2024-04-24,2024-06-30,canceled,no_longer_needed,
4646199,2839433,premium,24.99,2024-07-24,,active,,ach_transfer
2766876,7471530,premium,19.99,2024-08-16,,active,,ach_transfer
2599628,8170837,plus,7.99,2024-06-09,,past_due,,credit_card
2737275,2180859,plus,7.99,2024-09-21,,active,,credit_card
2901685,8776604,plus,9.99,2024-06-12,2024-12-22,canceled,no_longer_needed,ach_transfer
5675084,3835309,premium,24.99,2023-10-30,,active,,credit_card
3129700,5378727,plus,9.99,2023-04-28,,active,,paypal
3638014,3256356,premium,24.99,2024-06-19,,active,,paypal
2001959,9454364,plus,9.99,2024-07-24,,active,,credit_card
3051090,7038602,premium,24.99,2023-07-10,2024-02-13,canceled,poor_support,credit_card
2573070,8433980,premium,24.99,2024-03-05,,active,,ach_transfer
5680109,4898606,free,0.0,2023-07-22,2024-04-08,canceled,poor_support,
1269615,5175282,plus,9.99,2024-11-17,,active,,credit_card
3264483,6094502,plus,5.0,2024-08-20,,past_due,,debit_card
1199558,6806466,plus,9.99,2023-02-14,,active,,paypal
2876729,7590828,free,0.0,2024-10-16,,active,,
2318826,7445860,premium,19.99,2024-08-22,,active,,credit_card
2478691,9905865,premium,19.99,2024-12-05,,past_due,,debit_card
1773603,9437712,plus,9.99,2023-06-02,2024-05-17,canceled,technical_issues,debit_card
4001115,7951740,premium,24.99,2024-07-27,,active,,debit_card
2013785,7841023,free,0.0,2023-09-07,,active,,
2203521,2750740,plus,9.99,2023-07-28,,active,,credit_card
2386360,4594058,premium,19.99,2024-05-05,,active,,credit_card
2199922,7115762,free,0.0,2024-01-05,,active,,
4575430,4099072,premium,12.5,2024-03-25,,active,,credit_card
2913211,7486460,plus,7.99,2024-07-09,2024-12-25,canceled,no_longer_needed,credit_card
4935728,8913697,premium,24.99,2024-09-01,,active,,ach_transfer
2441865,3090825,free,0.0,2024-09-23,,active,,
761765,2784006,premium,12.5,2024-07-29,,active,,credit_card
5160857,4291066,premium,24.99,2024-12-20,,active,,credit_card
4871658,2678332,free,0.0,2023-08-26,2024-02-12,canceled,technical_issues,
5030506,1550222,plus,9.99,2024-09-05,,active,,credit_card
4229912,7025095,free,0.0,2024-08-07,,active,,
4529533,6051646,plus,9.99,2023-08-12,,past_due,,ach_transfer
5902103,3076475,plus,5.0,2024-05-10,,active,,debit_card
4948373,7607912,plus,9.99,2023-10-01,,active,,debit_card
501087,9688458,plus,7.99,2024-09-04,,active,,credit_card
1185976,3214178,free,0.0,2024-09-01,2025-06-11,canceled,poor_support,
5013117,2681076,plus,9.99,2024-05-31,,active,,credit_card
2850954,8685727,free,0.0,2024-06-24,,active,,
950055,9400944,free,0.0,2023-12-01,2024-08-31,canceled,too_expensive,
766487,6725570,premium,24.99,2023-10-05,,active,,credit_card
4286155,8285387,plus,7.99,2024-11-14,,active,,ach_transfer
578331,2961977,plus,5.0,2024-05-25,,active,switched_competitor,debit_card
5382465,7934198,plus,9.99,2023-09-19,,active,,paypal
2621598,4294900,plus,5.0,2024-02-11,,active,,paypal
3835429,6939334,premium,19.99,2024-11-22,,active,,ach_transfer
3157031,6701934,premium,24.99,2023-08-24,,active,,paypal
1624876,2110389,plus,5.0,2024-11-08,,active,,paypal
5460355,6165679,premium,24.99,2024-12-15,,active,,ach_transfer
2003463,2432672,free,0.0,2024-08-14,,active,,
954823,5806799,plus,5.0,2023-10-27,,active,,debit_card
3679100,3389383,plus,9.99,2024-12-17,,active,,credit_card
1388489,9927811,free,0.0,2024-02-18,,active,,
779273,9683376,free,0.0,2024-07-31,2025-01-16,canceled,switched_competitor,
1730804,1052066,premium,24.99,2024-08-29,,active,,ach_transfer
3460837,7728926,premium,24.99,2024-12-15,,active,,ach_transfer
4926379,7093073,free,0.0,2024-10-03,2025-07-20,canceled,missing_features,
4850842,4212883,plus,9.99,2023-11-11,,active,,credit_card
2360891,4875416,plus,9.99,2024-10-07,,active,,debit_card
5973261,5197571,premium,24.99,2024-05-15,2025-02-27,canceled,poor_support,ach_transfer
5632263,7671458,plus,9.99,2024-06-06,,active,,credit_card
4993266,6098227,plus,5.0,2023-07-31,,active,,ach_transfer
5794657,4503157,plus,9.99,2023-12-23,,past_due,,credit_card
1510877,6282591,plus,9.99,2024-10-17,2024-11-25,canceled,too_expensive,credit_card
3217517,6293348,premium,19.99,2024-10-25,,active,,ach_transfer
4500563,3622280,plus,5.0,2023-11-16,,active,,ach_transfer
1144234,4282972,plus,9.99,2024-12-22,,active,,debit_card
2293977,6720673,plus,9.99,2024-08-11,,active,,ach_transfer
2196644,7784672,free,0.0,2023-12-25,2024-05-06,canceled,poor_support,
5726880,4467366,plus,5.0,2024-05-09,,active,,credit_card
5779970,1121937,plus,9.99,2024-09-25,,active,,debit_card
5161053,1213968,free,0.0,2024-12-04,2025-09-02,canceled,no_longer_needed,
1268346,5187694,plus,9.99,2024-11-08,2025-01-16,canceled,technical_issues,ach_transfer
5814664,3904941,premium,19.99,2024-07-08,2024-10-24,canceled,too_expensive,debit_card
2466002,7932973,premium,24.99,2023-09-23,,active,,debit_card
802584,7336356,plus,9.99,2024-12-08,2025-11-05,canceled,technical_issues,credit_card
1279670,1239968,free,0.0,2024-12-08,2025-11-05,canceled,technical_issues,
2833884,2186430,plus,9.99,2024-12-20,,active,,ach_transfer
5791292,4613163,free,0.0,2024-08-17,,active,,
802814,3251743,premium,24.99,2024-09-20,,active,,debit_card
2043658,5566701,free,0.0,2024-02-18,,active,,
2159399,8139608,plus,9.99,2024-05-04,,active,,paypal
554411,1432184,free,0.0,2024-11-11,,active,,
4606516,6595108,premium,12.5,2024-07-14,,active,,paypal
4913771,1910681,premium,24.99,2024-11-18,2025-12-01,canceled,missing_features,debit_card
5125401,2379904,premium,24.99,2024-09-17,,active,,credit_card
1487426,8659791,free,0.0,2024-08-29,,active,,
4499772,5214279,premium,19.99,2024-09-15,,past_due,,credit_card
4270339,3542637,plus,5.0,2024-05-23,,active,,credit_card
1945249,3336798,free,0.0,2024-02-02,2024-07-30,canceled,no_longer_needed,
2383613,2551726,free,0.0,2024-06-30,2025-01-15,canceled,switched_competitor,
3036387,6081502,free,0.0,2024-06-17,,active,,
4773986,9209517,premium,12.5,2025-01-01,,active,,paypal
4190851,8136940,free,0.0,2024-05-11,,active,,
825262,3275598,free,0.0,2023-07-03,,active,,
1255716,6098907,plus,7.99,2024-10-23,,active,,paypal
969565,2962889,free,0.0,2024-05-11,,active,,
4338886,1231414,free,0.0,2024-01-26,,active,,
3859156,2534837,premium,24.99,2024-12-12,2025-07-09,canceled,missing_features,ach_transfer
5260626,4478192,premium,24.99,2024-07-15,2024-11-09,canceled,too_expensive,credit_card
1454673,6202413,plus,9.99,2024-09-25,2025-02-22,canceled,technical_issues,credit_card
2480168,3244702,plus,9.99,2023-08-18,,active,,debit_card
4335320,1011009,premium,19.99,2024-02-02,,active,,ach_transfer
2735790,7432975,premium,24.99,2023-10-25,,active,,debit_card
4781782,9268541,premium,24.99,2024-03-11,,active,,credit_card
2417383,9875234,free,0.0,2023-06-07,,active,,
4727772,9944718,premium,24.99,2024-04-11,,active,,ach_transfer
1439422,9333920,premium,24.99,2024-08-29,,active,,credit_card
3745090,6181930,free,0.0,2024-07-30,,active,,
1089607,7701810,premium,24.99,2023-11-19,,active,,ach_transfer
5679468,7541600,premium,12.5,2024-10-03,,past_due,,debit_card
5665241,2235382,free,0.0,2024-08-25,,active,,
3383259,3898845,premium,24.99,2024-12-25,,active,,credit_card
4804539,2718562,premium,24.99,2023-07-24,,active,,credit_card
2766413,2549302,plus,9.99,2024-06-20,,active,,ach_transfer
4056906,1209720,free,0.0,2024-07-24,2025-02-23,canceled,missing_features,
1395011,5902666,premium,24.99,2024-09-24,,past_due,,credit_card
2651309,5654798,free,0.0,2024-07-12,2024-10-27,canceled,too_expensive,
3544285,4770771,free,0.0,2024-07-19,,active,,
4295194,2170933,premium,12.5,2024-07-14,,active,,debit_card
2761862,3491721,plus,5.0,2024-04-24,,active,,credit_card
1080580,5525208,free,0.0,2024-05-03,,active,,
3026212,6607423,free,0.0,2024-09-21,,active,,
5282844,1458819,free,0.0,2023-06-30,,active,,
3292733,6644807,plus,5.0,2024-06-25,,active,,ach_transfer
3573794,5341747,premium,24.99,2024-02-09,,active,,credit_card
4352262,1871522,plus,5.0,2024-05-08,,active,,credit_card
2292309,8102983,free,0.0,2024-12-06,2025-04-13,canceled,technical_issues,
5796325,2628853,plus,9.99,2023-10-13,,active,,ach_transfer
1142572,8745863,premium,24.99,2024-01-03,,active,,ach_transfer
3354600,8355566,plus,7.99,2024-11-20,2024-12-15,canceled,switched_competitor,credit_card
5882244,9737452,premium,12.5,2024-10-26,,active,,debit_card
641266,8097037,free,0.0,2024-04-08,,active,,
1216479,7077449,plus,9.99,2024-09-04,,active,,ach_transfer
4588948,7297042,free,0.0,2024-12-03,,active,,
824411,9094566,plus,9.99,2024-10-16,,active,,credit_card
2044278,1676296,free,0.0,2024-04-13,,active,,
4909616,6300101,plus,5.0,2024-10-09,,active,,credit_card
1414736,3008187,free,0.0,2024-08-12,,active,,
2956905,2451469,free,0.0,2024-02-11,2024-11-08,canceled,technical_issues,
1924929,5240012,free,0.0,2024-05-17,,active,,
5199625,4681890,free,0.0,2024-05-05,2024-10-12,canceled,technical_issues,
1926646,3989475,free,0.0,2023-11-13,,active,,
4475830,3455918,plus,9.99,2024-05-29,,active,,credit_card
5413536,2894554,free,0.0,2024-04-17,,active,,
2834525,3409409,plus,9.99,2023-12-03,,active,,credit_card
4469604,6305431,free,0.0,2023-12-10,,active,,
2638152,9245044,premium,24.99,2024-11-12,,past_due,,debit_card
4497141,2420654,plus,9.99,2024-02-05,2024-06-08,canceled,technical_issues,credit_card
5917032,4657919,free,0.0,2024-09-26,,active,,
2654244,2294315,plus,5.0,2024-11-01,,active,,credit_card
2184106,2702159,plus,5.0,2023-10-18,,active,,credit_card
3471456,7440010,free,0.0,2024-04-22,,active,,
1896836,4232452,plus,7.99,2024-05-15,2025-01-19,canceled,missing_features,ach_transfer
2502439,9269841,free,0.0,2024-05-07,,active,,
4156337,4668280,plus,7.99,2024-07-16,,active,,ach_transfer
4718018,3431129,plus,9.99,2024-10-23,,active,,credit_card
3909536,3045990,premium,24.99,2023-12-16,,active,,credit_card
3769198,1750774,free,0.0,2024-07-16,,active,,
4217366,3776374,free,0.0,2024-03-04,2024-05-09,canceled,missing_features,
1930740,5464344,free,0.0,2024-09-19,,active,technical_issues,
4689289,2906039,plus,5.0,2023-06-26,,active,,credit_card
3301821,2038218,plus,9.99,2024-06-17,,active,,credit_card
4636727,6914988,free,0.0,2024-04-24,,active,,
4220568,2877971,free,0.0,2024-10-18,,active,,
3228441,6369919,plus,5.0,2024-09-30,,active,,debit_card
5320667,5864912,free,0.0,2023-10-08,,active,,
2681502,5286419,plus,5.0,2024-10-12,,active,,credit_card
1391038,4757985,premium,24.99,2024-11-10,,active,,credit_card
4395078,8062215,free,0.0,2024-06-24,,past_due,,
3257579,1690778,free,0.0,2024-02-17,,active,,
5894122,7339776,plus,7.99,2024-03-04,,active,,ach_transfer
2040489,9415414,free,0.0,2023-08-31,2023-12-17,canceled,technical_issues,
3142491,9123236,plus,9.99,2024-04-24,,active,,credit_card
1300459,7208714,free,0.0,2023-09-11,,active,,
1500420,5754619,free,0.0,2024-07-25,,active,,
3123006,4682796,free,0.0,2024-05-08,,active,,
3049367,5929426,plus,5.0,2024-05-10,,active,,paypal
574997,4612600,plus,5.0,2024-11-19,,active,,credit_card
3146120,4330922,plus,9.99,2023-07-03,,active,,ach_transfer
5953349,7730419,free,0.0,2023-12-02,,active,,
4372317,3995035,free,0.0,2024-05-06,2025-05-10,canceled,no_longer_needed,
1285025,9910762,free,0.0,2023-06-25,2023-12-27,canceled,poor_support,
3504108,1605409,plus,9.99,2023-10-03,,active,,credit_card
4812582,6648393,plus,5.0,2023-10-06,,active,,debit_card
2090025,8110953,premium,24.99,2024-08-09,,active,,debit_card
4655442,2003510,premium,24.99,2024-01-22,,active,,ach_transfer
5608698,2706930,premium,12.5,2023-07-04,,past_due,,credit_card
3260297,2226476,free,0.0,2024-09-29,,active,,
1528152,8917596,free,0.0,2024-06-21,2025-05-29,canceled,switched_competitor,
3181863,1004138,premium,24.99,2023-04-21,2023-06-01,canceled,poor_support,credit_card
1062377,9625146,plus,9.99,2024-05-15,,active,,credit_card
1917250,5411054,free,0.0,2024-11-20,,active,,
5643715,9526086,free,0.0,2023-09-08,,active,technical_issues,
1926630,3333647,premium,24.99,2024-10-21,,active,,debit_card
4927057,4843139,premium,24.99,2023-07-31,,active,,credit_card
1904869,6425838,free,0.0,2024-06-22,,active,,
4321726,4594128,free,0.0,2024-08-17,2024-10-06,canceled,missing_features,
3913395,9825150,plus,9.99,2025-01-02,,active,,ach_transfer
2681042,3607622,premium,24.99,2024-11-12,,active,,ach_transfer
1721093,7778519,premium,24.99,2024-07-07,,active,,debit_card
3773188,9547900,plus,5.0,2024-03-01,,active,,ach_transfer
3700292,6809041,plus,9.99,2024-03-29,,active,,paypal
1086522,3327089,free,0.0,2024-12-22,,active,,
2420371,9693670,premium,12.5,2024-09-08,,past_due,,paypal
3355886,1592632,plus,9.99,2024-09-13,,active,,ach_transfer
1679609,4099555,free,0.0,2024-10-12,2025-08-19,canceled,technical_issues,
4595812,5113640,premium,24.99,2024-06-06,2025-03-28,canceled,poor_support,credit_card
3279169,3084504,premium,12.5,2024-02-29,,active,,credit_card
5538525,7646705,plus,5.0,2024-12-18,2025-10-26,canceled,switched_competitor,credit_card
4419572,3506068,free,0.0,2023-11-14,,active,,
2662818,4101883,free,0.0,2024-06-17,,active,,
5811410,8899284,free,0.0,2024-06-25,,active,,
5234476,5141314,free,0.0,2024-03-05,,active,,
5271133,5105513,premium,19.99,2024-05-20,2025-04-09,canceled,switched_competitor,debit_card
727061,9437482,plus,7.99,2024-03-07,,active,,credit_card
1558228,5926203,premium,24.99,2023-08-01,2024-02-14,canceled,too_expensive,paypal
4364357,7505134,free,0.0,2023-09-30,2024-05-06,canceled,switched_competitor,
987959,7484531,free,0.0,2024-06-21,,active,,
1019074,9751063,premium,24.99,2024-12-29,2025-11-24,canceled,no_longer_needed,credit_card
4829668,5348530,premium,24.99,2023-07-09,,active,,credit_card
2126388,4891113,plus,5.0,2023-09-12,,active,,paypal
1234496,2811049,free,0.0,2023-04-03,2023-10-08,canceled,no_longer_needed,
4045856,2605752,premium,24.99,2024-12-20,,past_due,,ach_transfer
3120261,7063389,plus,5.0,2024-07-20,,past_due,,credit_card
820719,3202888,free,0.0,2024-01-12,,active,,
4484611,2613560,plus,5.0,2023-09-24,2024-08-29,canceled,missing_features,debit_card
1871344,1924993,plus,5.0,2025-01-04,,active,,credit_card
4141557,8658426,plus,9.99,2023-12-23,,active,,ach_transfer
2438246,3131018,plus,7.99,2023-07-06,,active,,credit_card
2294318,7086368,premium,12.5,2024-10-01,,active,,ach_transfer
2401019,1322918,free,0.0,2023-11-21,,active,,
4935998,1970278,plus,5.0,2024-01-31,,active,,credit_card
2283176,7662314,plus,5.0,2025-01-14,,active,,debit_card
2776484,3332517,plus,9.99,2024-10-22,,active,,credit_card
3062959,6670706,plus,9.99,2024-10-02,,active,,credit_card
4218785,9370262,plus,9.99,2024-09-02,,active,,credit_card
2620411,7323686,free,0.0,2023-12-17,,active,,
691886,8284953,free,0.0,2024-01-31,2024-11-02,canceled,missing_features,
4082558,8697808,plus,9.99,2023-11-29,,active,,credit_card
820528,3035848,premium,24.99,2023-12-19,,active,,ach_transfer
950582,2101267,free,0.0,2023-09-10,,active,,
3227958,9998331,plus,9.99,2024-11-20,,active,,paypal
3200548,8348340,free,0.0,2024-09-21,2025-04-18,canceled,no_longer_needed,
4629107,9840597,premium,24.99,2024-11-26,,active,,debit_card
3940098,8974411,premium,24.99,2024-03-08,,active,,ach_transfer
921465,6813775,premium,24.99,2024-11-11,,active,,debit_card
4242642,1624913,premium,24.99,2023-12-23,,active,,debit_card
1340825,3921989,plus,9.99,2024-12-18,,past_due,,debit_card
1596024,2730085,premium,12.5,2023-04-23,,active,,credit_card
5161798,1455433,plus,5.0,2024-05-18,,active,,credit_card
2206298,3319049,premium,24.99,2024-02-06,,active,,credit_card
2689409,1578110,plus,9.99,2023-10-07,,active,,debit_card
5908734,1019477,plus,9.99,2023-04-21,,active,,credit_card
4527939,4945123,plus,9.99,2024-07-29,,active,,credit_card
1068123,5031464,plus,9.99,2024-07-24,,active,,credit_card
938280,7311326,free,0.0,2024-05-04,,active,,
5825911,7952057,plus,9.99,2024-07-17,,active,,ach_transfer
4868062,9109074,free,0.0,2023-10-28,,active,,
5245324,7542224,plus,9.99,2024-02-14,2024-12-30,canceled,technical_issues,debit_card
4543588,7095929,free,0.0,2024-01-29,,active,,
1936900,9167197,plus,9.99,2024-01-06,,past_due,,credit_card
3693072,9805586,premium,19.99,2024-03-03,,active,,paypal
891428,6693014,free,0.0,2024-12-20,2025-05-23,canceled,poor_support,
1343244,4649279,plus,9.99,2024-08-23,,active,,credit_card
2212567,3812789,premium,24.99,2024-02-11,,active,,debit_card
610557,4853321,free,0.0,2024-12-26,,active,,
4352377,7083059,premium,19.99,2024-02-09,,active,,credit_card
1962388,9639483,free,0.0,2024-09-08,,active,,
1157922,3650235,plus,9.99,2024-04-04,,active,,debit_card
4918789,8970564,free,0.0,2024-10-23,2025-08-28,canceled,switched_competitor,
3471833,1645649,plus,9.99,2024-11-02,,active,,debit_card
2495226,3485670,plus,5.0,2024-07-01,,active,,credit_card
5414628,7466780,plus,9.99,2024-08-26,,active,,credit_card
2401892,4581311,free,0.0,2024-10-13,,active,,
3112859,2390598,premium,24.99,2024-06-14,,active,,debit_card
3460721,5859382,plus,9.99,2024-10-24,,active,,credit_card
1472382,1898704,premium,12.5,2024-05-13,,past_due,,ach_transfer
3496203,2199217,free,0.0,2024-04-17,2024-11-18,canceled,switched_competitor,
1580204,7194868,premium,12.5,2024-08-13,,active,,paypal
791260,5811671,free,0.0,2024-04-02,,active,,
4017818,5171774,premium,24.99,2023-09-19,,active,,credit_card
4138613,3598475,free,0.0,2024-10-13,,active,,
4261216,6149534,free,0.0,2024-07-19,,active,,
4978224,3662761,free,0.0,2024-02-04,,active,,
817053,2521701,premium,12.5,2024-11-26,,active,,paypal
4178358,1743088,free,0.0,2023-07-22,,active,,
5999791,6834611,plus,9.99,2023-09-29,2024-06-10,canceled,no_longer_needed,debit_card
1804288,8683647,free,0.0,2023-06-16,,active,,
4327210,4256415,plus,5.0,2024-12-22,2025-05-07,canceled,no_longer_needed,debit_card
5951186,1240346,plus,9.99,2024-08-27,,active,,ach_transfer
2844839,3770742,free,0.0,2023-10-26,,active,,
1889414,8177545,premium,24.99,2023-07-30,,active,,debit_card
1976100,6910494,premium,24.99,2023-11-16,,active,,debit_card
1449560,9824031,premium,24.99,2024-07-10,,active,,ach_transfer
2570939,5975045,premium,24.99,2023-11-26,,active,,debit_card
5773296,7143243,free,0.0,2023-12-23,,active,,
4883938,8281505,plus,9.99,2023-09-20,,active,,paypal
3492775,1686290,premium,19.99,2024-08-12,,past_due,,credit_card
4782592,3153548,premium,12.5,2024-07-22,,active,,credit_card
5170925,5926730,free,0.0,2024-02-19,,active,,
4459301,4338442,plus,9.99,2023-11-16,,active,,ach_transfer
1276824,5257341,free,0.0,2023-12-11,,active,,
1797626,1859734,free,0.0,2024-05-30,,active,,
1683685,5180656,premium,24.99,2023-10-04,,active,,debit_card
2471182,3854135,plus,7.99,2024-12-13,,active,,ach_transfer
4827591,8297050,premium,12.5,2024-03-09,,active,missing_features,debit_card
3516265,1865256,free,0.0,2024-06-04,,active,,
805981,5031419,free,0.0,2024-09-05,,active,,
2495726,2575557,premium,24.99,2024-03-06,2024-09-13,canceled,too_expensive,debit_card
5933729,9415398,plus,9.99,2024-01-30,,active,,debit_card
986614,4906997,plus,9.99,2024-11-19,,active,,credit_card
1580255,2935772,free,0.0,2024-06-25,2025-01-18,canceled,no_longer_needed,
4849657,4816446,plus,7.99,2024-03-05,,active,,credit_card
768457,7609001,free,0.0,2024-02-23,,active,,
2475503,3694287,plus,9.99,2023-10-30,,active,,debit_card
2580123,4287058,premium,24.99,2024-05-24,,active,,credit_card
4973811,6147501,free,0.0,2023-08-26,,past_due,,
4680267,1549239,plus,5.0,2024-12-29,2025-07-24,canceled,no_longer_needed,paypal
734401,2279898,premium,24.99,2024-06-11,,active,,ach_transfer
1622771,6860616,free,0.0,2023-05-29,,active,,
5511061,8845772,plus,9.99,2023-08-01,,active,,credit_card
2813229,8704694,free,0.0,2024-09-02,,active,,
4311696,8595853,plus,9.99,2023-12-15,,active,,credit_card
2439662,5217690,free,0.0,2024-12-04,,active,,
2635115,5068316,plus,5.0,2024-04-07,,active,,credit_card
1533069,7129026,free,0.0,2025-01-07,,active,,
2415769,9783406,plus,7.99,2024-06-17,,past_due,,ach_transfer
3742227,9019213,plus,7.99,2023-07-28,,active,,debit_card
5587626,3386149,free,0.0,2024-01-20,,active,,
1211062,9022417,premium,24.99,2024-04-08,,active,,credit_card
4913595,3578305,plus,5.0,2024-08-12,,active,,credit_card
3129311,4357679,plus,5.0,2024-03-31,,active,,debit_card
1918687,2518560,free,0.0,2024-11-24,,active,missing_features,
4434784,3913293,free,0.0,2025-01-06,,active,,
664183,1353791,plus,9.99,2024-12-10,,active,,credit_card
1217443,3422952,free,0.0,2024-10-02,2025-11-05,canceled,too_expensive,
2274478,6277420,free,0.0,2024-12-03,,active,,
4511741,7733214,premium,12.5,2023-05-15,,active,,credit_card
3288529,3693695,premium,19.99,2024-10-14,,active,,credit_card
2691690,8726360,free,0.0,2024-05-24,,active,,
502786,2900302,premium,19.99,2023-12-11,,active,,ach_transfer
1305724,7554845,plus,9.99,2025-01-03,,active,,credit_card
5320519,9139480,free,0.0,2024-08-25,,active,,
1210054,1895596,free,0.0,2024-08-06,,active,,
1029308,3361216,free,0.0,2024-04-07,,active,,
2029363,4355000,free,0.0,2024-05-22,,active,,
3216390,3326344,plus,7.99,2025-01-09,,active,,credit_card
3937530,3821058,premium,24.99,2024-01-28,,active,,credit_card
791592,4440866,free,0.0,2024-10-29,,active,,
1727946,8313861,plus,7.99,2024-09-16,,active,,credit_card
4901038,8817304,free,0.0,2024-10-23,,active,,
1452502,9313157,free,0.0,2024-09-02,,active,,
5811478,8638483,free,0.0,2024-09-22,,active,,
4288367,1078947,free,0.0,2025-01-11,,active,,
3060042,5739023,plus,9.99,2024-06-10,,active,,credit_card
1274812,9714892,plus,5.0,2024-12-01,,past_due,,ach_transfer
3985477,1443035,free,0.0,2024-11-25,,active,,
5082075,6569634,plus,9.99,2023-09-26,,active,,credit_card
5788006,7606963,plus,7.99,2024-12-25,,active,,debit_card
754887,9947727,plus,9.99,2024-11-06,,active,,paypal
1359219,2807402,free,0.0,2024-10-10,,active,,
4519754,9074037,premium,19.99,2023-12-26,,active,,debit_card
1546036,8451062,plus,9.99,2024-05-08,,active,,debit_card
1459058,8402731,free,0.0,2024-04-19,,active,,
953694,1955205,plus,9.99,2023-10-09,,active,,debit_card
536196,4122951,free,0.0,2023-12-17,,active,,
3823806,6982547,free,0.0,2024-03-01,,active,,
4033553,7488000,plus,7.99,2024-10-14,,active,,credit_card
860628,3906405,free,0.0,2024-04-25,,active,,
1756521,4970001,plus,7.99,2024-04-10,,active,,paypal
966203,3892371,premium,12.5,2024-05-19,2025-04-15,canceled,missing_features,ach_transfer
2835490,5980939,premium,24.99,2023-12-09,,active,,debit_card
4902158,9457411,free,0.0,2024-09-17,,active,,
5407555,1291464,plus,9.99,2024-02-27,,active,,credit_card
3032691,5990488,plus,9.99,2024-02-25,,active,,credit_card
3902462,5325001,premium,12.5,2024-04-06,,active,,credit_card
1492534,9069552,plus,5.0,2024-11-17,,active,,debit_card
2846578,3962732,premium,19.99,2024-08-10,,active,,debit_card
3803550,7575273,plus,9.99,2024-01-04,,active,,ach_transfer
5065415,5745920,premium,19.99,2024-07-22,,active,,credit_card
1349065,3365885,premium,24.99,2024-10-13,,active,,ach_transfer
4263493,3761642,free,0.0,2023-06-14,,active,,
4928205,6630761,premium,19.99,2024-11-25,,active,,credit_card
3775893,4806688,plus,7.99,2024-03-07,,active,,paypal
4615992,8778748,premium,12.5,2024-11-07,,active,,credit_card
2214324,3250397,plus,9.99,2024-06-04,,active,,debit_card
1929222,9634012,premium,24.99,2024-02-22,,active,,credit_card
1750422,3889190,plus,9.99,2024-08-30,2024-09-24,canceled,too_expensive,ach_transfer
3601584,6506933,plus,5.0,2024-06-12,,active,,credit_card
2407237,9417944,plus,5.0,2025-01-10,,active,,debit_card
722661,1175211,free,0.0,2025-01-05,2025-11-01,canceled,poor_support,
1272940,1328821,premium,12.5,2023-08-14,,past_due,,debit_card
1955171,2807254,premium,19.99,2024-05-17,,past_due,,credit_card
3806985,3469606,plus,5.0,2024-07-23,,active,,debit_card
558069,1261420,premium,24.99,2024-07-14,,active,,debit_card
2891079,4609134,premium,24.99,2024-05-04,,active,,credit_card
4399096,2031519,plus,9.99,2025-01-07,2025-05-11,canceled,too_expensive,ach_transfer
1692930,6049425,plus,9.99,2024-07-15,,active,,ach_transfer
3471557,9210880,plus,9.99,2023-11-08,,active,,debit_card
4713951,4906377,premium,12.5,2023-08-21,,active,,ach_transfer
3032394,9622693,free,0.0,2023-12-30,2024-08-16,canceled,technical_issues,
1072162,3326729,plus,5.0,2023-11-14,,active,,debit_card
2126564,7810805,premium,19.99,2024-09-23,,active,,debit_card
1565599,8534504,plus,9.99,2024-04-30,2024-09-25,canceled,too_expensive,credit_card
555103,8816184,plus,7.99,2024-06-04,,active,,paypal
3842113,5407900,free,0.0,2023-10-23,,active,,
1216204,2419920,plus,9.99,2024-11-17,,active,,paypal
4230567,2087341,free,0.0,2024-03-12,,active,,
5373453,6480283,plus,7.99,2024-01-23,,active,,ach_transfer
514448,6559277,plus,5.0,2024-08-31,,active,,credit_card
1992978,7999244,premium,24.99,2024-06-13,2025-06-21,canceled,no_longer_needed,credit_card
1634360,3179441,plus,9.99,2024-11-18,,active,,credit_card
1582965,1308623,plus,7.99,2024-08-01,,active,,paypal
3549635,4332006,plus,5.0,2024-07-11,2025-07-15,canceled,too_expensive,credit_card
1211266,6862835,free,0.0,2023-07-08,,active,,
880027,5626043,free,0.0,2024-04-13,2025-05-02,canceled,switched_competitor,
3515053,3976031,plus,5.0,2024-10-17,,active,,credit_card
3406362,2072647,plus,7.99,2023-10-19,,active,,credit_card
4487936,1847405,plus,9.99,2023-11-25,2024-03-31,canceled,no_longer_needed,credit_card
2446578,8015232,free,0.0,2024-01-03,,active,,
4106947,2829553,free,0.0,2023-09-24,2024-10-17,canceled,no_longer_needed,
1993802,8537330,free,0.0,2024-06-06,,active,,
1674137,5191896,free,0.0,2024-05-10,,active,,
2074910,7147401,free,0.0,2024-08-24,,past_due,,
3647611,2721742,free,0.0,2024-09-27,,active,,
3873629,6534693,plus,9.99,2024-05-24,,past_due,,credit_card
5815488,5294539,plus,9.99,2024-12-18,,active,,debit_card
2439015,2684449,free,0.0,2024-11-03,,active,,
2490632,4918949,plus,9.99,2023-12-29,,past_due,,credit_card
3174384,3866457,plus,9.99,2024-09-23,2025-01-14,canceled,technical_issues,credit_card
1375161,7617488,plus,9.99,2024-07-24,,active,,credit_card
4713989,9658754,plus,9.99,2024-06-21,,active,,credit_card
5332957,1310375,free,0.0,2024-07-25,,active,,
4147327,9570397,free,0.0,2024-01-15,,active,,
5520870,5266988,plus,9.99,2023-08-30,,active,,credit_card
2371616,2916796,free,0.0,2023-11-29,,active,,
1315143,7147878,free,0.0,2024-12-10,,active,,
5232715,6587757,plus,9.99,2023-09-22,,active,,credit_card
4246409,3061774,premium,24.99,2023-09-25,,active,,debit_card
3947179,3320688,plus,9.99,2024-01-21,,active,,credit_card
2378114,5313696,free,0.0,2024-11-19,,active,,
585104,7395300,plus,5.0,2024-03-19,,active,,ach_transfer
4542896,5052579,plus,9.99,2024-06-06,,active,,credit_card
5965496,4353030,premium,12.5,2024-11-24,,active,,credit_card
4650436,9689972,free,0.0,2024-11-16,,active,,
1015902,7767835,free,0.0,2024-12-04,,active,,
2825808,8939174,free,0.0,2024-05-04,2024-06-19,canceled,missing_features,
5245538,3090212,free,0.0,2024-03-20,,active,,
2712892,2937878,premium,24.99,2024-09-03,,active,,debit_card
3088938,2662656,premium,24.99,2024-07-01,,active,,credit_card
3297142,1112036,free,0.0,2023-04-30,,active,,
1528633,4437172,free,0.0,2023-05-21,,active,,
2797036,2514542,premium,24.99,2024-10-26,,active,,ach_transfer
5257732,9379482,premium,24.99,2024-01-30,,active,,debit_card
5785428,1504655,premium,24.99,2024-01-25,,active,,ach_transfer
3727762,8689205,plus,9.99,2023-07-31,,active,,debit_card
3289429,2822744,plus,9.99,2024-04-28,,active,missing_features,credit_card
2372951,1692924,free,0.0,2023-10-22,,active,,
1352407,2600396,plus,5.0,2023-09-20,,active,,credit_card
2438432,1298783,plus,7.99,2024-12-18,2025-02-02,canceled,technical_issues,credit_card
5858326,5849617,free,0.0,2023-05-02,,active,,
1214332,5339235,free,0.0,2024-05-26,,active,,
1283971,4061481,plus,9.99,2024-06-18,,active,,debit_card
2738586,7837388,free,0.0,2024-05-27,,active,,
1837123,9798834,premium,24.99,2023-09-10,,active,,ach_transfer
5961114,6445315,premium,19.99,2024-02-18,,active,,credit_card
2020261,6077198,plus,7.99,2023-12-04,,active,,debit_card
694253,3473199,free,0.0,2023-07-21,2024-03-20,canceled,missing_features,
2048171,2820908,plus,9.99,2024-12-08,,active,,ach_transfer
1570432,9791765,plus,9.99,2023-12-02,,active,,credit_card
5823505,6439433,premium,24.99,2024-11-15,2025-05-02,canceled,missing_features,paypal
3454367,5134608,premium,24.99,2023-09-27,,past_due,,paypal
3295701,7117682,premium,24.99,2024-10-27,,active,,credit_card
1806369,6193595,premium,24.99,2025-01-01,,active,,credit_card
5134921,1450930,premium,24.99,2023-09-01,,active,,credit_card
2122834,7193956,plus,9.99,2024-11-26,,active,,ach_transfer
5812923,7810183,premium,12.5,2024-05-22,2025-03-30,canceled,technical_issues,debit_card
903523,4690583,free,0.0,2023-08-28,,active,,
3964431,3531196,free,0.0,2024-04-30,2024-12-10,canceled,no_longer_needed,
5208109,9536239,plus,5.0,2024-01-16,,active,,credit_card
4230332,6113728,plus,5.0,2024-09-18,,past_due,,credit_card
5383676,1401067,plus,5.0,2023-03-16,,active,,ach_transfer
5172239,7389690,free,0.0,2023-10-01,,past_due,,
1198046,8453659,free,0.0,2023-11-19,,active,too_expensive,
3499269,2805468,free,0.0,2024-09-11,,active,,
3491589,2683032,free,0.0,2024-11-19,,active,,
2601348,6919359,plus,9.99,2024-04-29,2024-10-30,canceled,switched_competitor,credit_card
3610410,2650824,plus,9.99,2024-12-26,,active,,ach_transfer
5694742,7164014,free,0.0,2024-08-24,,active,,
4455336,8239914,plus,5.0,2023-12-26,,active,,credit_card
2806626,6927997,plus,9.99,2024-09-14,,active,,paypal
5989940,4809697,free,0.0,2025-01-06,,active,,
2751850,5461595,plus,7.99,2024-02-15,,active,,ach_transfer
1061349,8330395,plus,9.99,2024-11-17,,active,,debit_card
3074095,3343136,premium,12.5,2024-02-21,,active,,credit_card
5921602,2208957,premium,24.99,2025-01-08,,active,,credit_card
5362189,5742297,free,0.0,2024-10-07,,active,,
4824834,3076198,plus,9.99,2023-09-07,,active,,ach_transfer
2056888,5024733,plus,7.99,2024-09-19,,active,,credit_card
556510,5660061,plus,7.99,2024-11-07,,active,,paypal
4276846,4761509,plus,5.0,2024-05-05,,past_due,,credit_card
2760086,2054212,plus,9.99,2024-12-11,,active,,ach_transfer
860429,2035408,free,0.0,2024-12-14,2025-01-23,canceled,missing_features,
542281,5957107,free,0.0,2024-05-06,,active,,
3774640,3082963,plus,9.99,2024-05-08,,active,,credit_card
4829791,6170080,plus,9.99,2024-07-07,2024-10-23,canceled,technical_issues,ach_transfer
5524310,9778570,plus,7.99,2024-09-27,,active,,credit_card
4806907,7900725,premium,24.99,2024-01-15,,active,,debit_card
4896678,9730829,free,0.0,2024-08-24,2024-09-11,canceled,too_expensive,
5766715,9036837,free,0.0,2024-07-22,,active,,
